<?xml version="1.0" encoding="UTF-8" ?>
<!DOCTYPE mapper
        PUBLIC "-//mybatis.org//DTD Mapper 3.0//EN"
        "http://mybatis.org/dtd/mybatis-3-mapper.dtd">
<mapper namespace="com.example.mapper.StudentMapper">

    <!-- ==================== 增删改查 ==================== -->
    <select id="getAllStudents" resultType="com.example.entity.Student">
        SELECT * FROM student
    </select>

    <select id="getStudentById" resultType="com.example.entity.Student">
        SELECT * FROM student WHERE stu_id = #{stuId}
    </select>

    <insert id="insertStudent" useGeneratedKeys="true" keyProperty="stuId">
        INSERT INTO student(stu_name, age, sex, grade_id) VALUES(#{stuName}, #{age}, #{sex}, #{gradeId})
    </insert>

    <update id="updateStudent">
        UPDATE student SET stu_name=#{stuName}, age=#{age}, sex=#{sex}, grade_id=#{gradeId} WHERE stu_id=#{stuId}
    </update>

    <delete id="deleteStudent">
        DELETE FROM student WHERE stu_id = #{stuId}
    </delete>

    <!-- 多条件查询 -->
    <select id="findStudents" resultType="com.example.entity.Student">
        SELECT * FROM student
        <where>
            <if test="stuName != null and stuName != ''">
                AND stu_name LIKE CONCAT('%', #{stuName}, '%')
            </if>
            <if test="age != null">
                AND age = #{age}
            </if>
            <if test="sex != null and sex != ''">
                AND sex = #{sex}
            </if>
        </where>
    </select>

    <!-- ==================== 关联查询 ==================== -->

    <!-- 一对一：学生及其成绩 -->
    <resultMap id="StudentWithScoreMap" type="com.example.entity.Student">
        <id property="stuId" column="stu_id"/>
        <result property="stuName" column="stu_name"/>
        <result property="age" column="age"/>
        <result property="sex" column="sex"/>
        <result property="gradeId" column="grade_id"/>
        <result property="score" column="score"/>
    </resultMap>

    <select id="getStudentsWithScore" resultMap="StudentWithScoreMap">
        SELECT s.stu_id, s.stu_name, s.age, s.sex, s.grade_id, sc.score
        FROM student s
        LEFT JOIN score sc ON s.stu_id = sc.stu_id
    </select>

    <!-- 一对多：年级及其所有学生 -->
    <resultMap id="GradeWithStudentsMap" type="com.example.entity.Grade">
        <id property="gradeId" column="grade_id"/>
        <result property="gradeName" column="grade_name"/>
        <collection property="students" ofType="com.example.entity.Student">
            <id property="stuId" column="stu_id"/>
            <result property="stuName" column="stu_name"/>
            <result property="age" column="age"/>
            <result property="sex" column="sex"/>
        </collection>
    </resultMap>

    <select id="getGradesWithStudents" resultMap="GradeWithStudentsMap">
        SELECT g.grade_id, g.grade_name, s.stu_id, s.stu_name, s.age, s.sex
        FROM grade g
        LEFT JOIN student s ON g.grade_id = s.grade_id
    </select>

    <!-- 多对多：学生及其课程 -->
    <resultMap id="StudentWithSubjectsMap" type="com.example.entity.Student">
        <id property="stuId" column="stu_id"/>
        <result property="stuName" column="stu_name"/>
        <result property="age" column="age"/>
        <result property="sex" column="sex"/>
        <collection property="subjects" ofType="com.example.entity.Subject">
            <id property="subId" column="sub_id"/>
            <result property="subName" column="sub_name"/>
        </collection>
    </resultMap>

    <select id="getStudentsWithSubjects" resultMap="StudentWithSubjectsMap">
        SELECT s.stu_id, s.stu_name, s.age, s.sex, sub.sub_id, sub.sub_name
        FROM student s
        LEFT JOIN stu_subject ss ON s.stu_id = ss.stu_id
        LEFT JOIN subject sub ON ss.sub_id = sub.sub_id
    </select>

</mapper>
