<?xml version="1.0" encoding="UTF-8" ?>
<!DOCTYPE configuration
        PUBLIC "-//mybatis.org//DTD Config 3.0//EN"
        "http://mybatis.org/dtd/mybatis-3-config.dtd">
<configuration>

    <settings>
        <!-- 开启下划线转驼峰命名自动映射 -->
        <setting name="mapUnderscoreToCamelCase" value="true"/>
    </settings>

    <typeAliases>
        <typeAlias type="com.example.entity.Student" alias="Student"/>
        <typeAlias type="com.example.entity.Grade" alias="Grade"/>
        <typeAlias type="com.example.entity.Subject" alias="Subject"/>
        <typeAlias type="com.example.entity.Score" alias="Score"/>
    </typeAliases>

</configuration>
